device_id,time,heart
xxxx01,2022-09-23 13:59:45.199034,81
xxxx01,2022-09-23 13:59:46.794766,80
xxxx01,2022-09-23 13:59:47.594458,79
xxxx01,2022-09-23 13:59:48.866106,78
xxxx01,2022-09-23 13:59:49.199034,81
xxxx01,2022-09-23 13:59:50.794766,80
xxxx01,2022-09-23 13:59:51.594458,79
xxxx01,2022-09-23 13:59:52.866106,78
xxxx01,2022-09-23 13:59:53.199034,81
xxxx01,2022-09-23 13:59:54.794766,80
xxxx01,2022-09-23 13:59:55.594458,79
xxxx01,2022-09-23 13:59:56.866106,78
xxxx01,2022-09-23 13:59:57.199034,81
xxxx01,2022-09-23 13:59:58.794766,80
xxxx01,2022-09-23 13:59:59.594458,79
